{
  "center": [
    244.33819580078125,
    212.5050811767578,
    146.7071533203125
  ],
  "scale": 181.27882385253906,
  "upsample_factor": 2.0
}