{
  "center": [
    122.0850601196289,
    106.17998504638672,
    73.0313491821289
  ],
  "scale": 90.3727035522461
}